<?xml version="1.0" encoding="UTF-8"?>
<project-private xmlns="http://www.netbeans.org/ns/project-private/1">
    <editor-bookmarks xmlns="http://www.netbeans.org/ns/editor-bookmarks/2" lastBookmarkId="0"/>
    <open-files xmlns="http://www.netbeans.org/ns/projectui-open-files/2">
        <group>
            <file>file:/C:/Users/sssssssssssssss/Desktop/MaheshAnuragjava/MaheshAnuragjava/src/mahehsanuragh/homepage.java</file>
            <file>file:/C:/Users/sssssssssssssss/Desktop/MaheshAnuragjava/MaheshAnuragjava/src/mahehsanuragh/booksearch.java</file>
            <file>file:/C:/Users/sssssssssssssss/Desktop/MaheshAnuragjava/MaheshAnuragjava/src/mahehsanuragh/stbooksearch.java</file>
            <file>file:/C:/Users/sssssssssssssss/Desktop/MaheshAnuragjava/MaheshAnuragjava/src/mahehsanuragh/stbookdetails.java</file>
            <file>file:/C:/Users/sssssssssssssss/Desktop/MaheshAnuragjava/MaheshAnuragjava/src/mahehsanuragh/stdnthome.java</file>
            <file>file:/C:/Users/sssssssssssssss/Desktop/MaheshAnuragjava/MaheshAnuragjava/src/mahehsanuragh/bookdetails.java</file>
            <file>file:/C:/Users/sssssssssssssss/Desktop/MaheshAnuragjava/MaheshAnuragjava/src/mahehsanuragh/user.java</file>
        </group>
    </open-files>
</project-private>
